fecha,temp_max,lluvia_mm,humedad,Mes,Año
2023-01-02,30.1,0.0,75.375,1,2023
2023-01-03,28.5,2.4,79.66666666666667,1,2023
2023-01-04,29.7,0.5,77.20833333333333,1,2023
2023-01-05,30.8,0.0,73.83333333333333,1,2023
2023-01-06,31.1,4.9,79.16666666666667,1,2023
2023-01-07,30.4,3.1,78.95833333333333,1,2023
2023-01-08,29.4,0.3,79.58333333333333,1,2023
2023-01-09,30.6,3.2,81.04166666666667,1,2023
2023-01-10,30.4,9.8,81.58333333333333,1,2023
2023-01-11,30.2,2.0,77.54166666666667,1,2023
2023-01-12,29.3,1.2,77.95833333333333,1,2023
2023-01-13,31.4,0.2,76.08333333333333,1,2023
2023-01-14,31.3,0.3,78.875,1,2023
2023-01-15,30.6,0.4,75.66666666666667,1,2023
2023-01-16,30.1,0.4,74.125,1,2023
2023-01-17,30.8,0.2,73.66666666666667,1,2023
2023-01-18,30.6,0.2,75.41666666666667,1,2023
2023-01-19,30.6,0.0,73.20833333333333,1,2023
2023-01-20,29.3,0.6,73.79166666666667,1,2023
2023-01-21,29.7,2.0,76.29166666666667,1,2023
2023-01-22,29.9,0.2,73.95833333333333,1,2023
2023-01-23,32.1,0.0,72.58333333333333,1,2023
2023-01-24,30.7,0.0,72.41666666666667,1,2023
2023-01-25,31.5,0.0,68.375,1,2023
2023-01-26,30.5,0.0,71.20833333333333,1,2023
2023-01-27,29.4,0.6,74.45833333333333,1,2023
2023-01-28,30.1,0.1,65.83333333333333,1,2023
2023-01-29,30.0,0.2,72.16666666666667,1,2023
2023-01-30,30.5,0.0,69.04166666666667,1,2023
2023-01-31,30.4,0.0,68.83333333333333,1,2023
2023-02-01,29.4,0.3,71.875,2,2023
2023-02-02,30.7,0.3,67.625,2,2023
2023-02-03,30.9,0.0,68.04166666666667,2,2023
2023-02-04,31.7,0.0,70.08333333333333,2,2023
2023-02-05,30.9,0.4,71.70833333333333,2,2023
2023-02-06,31.2,1.1,69.29166666666667,2,2023
2023-02-07,31.5,0.2,71.91666666666667,2,2023
2023-02-08,30.3,0.4,71.25,2,2023
2023-02-09,29.9,2.4,72.75,2,2023
2023-02-10,31.4,0.0,71.125,2,2023
2023-02-11,31.2,0.2,70.70833333333333,2,2023
2023-02-12,31.3,0.0,71.375,2,2023
2023-02-13,31.2,1.3,73.875,2,2023
2023-02-14,30.6,0.4,74.54166666666667,2,2023
2023-02-15,30.2,2.1,76.08333333333333,2,2023
2023-02-16,30.1,0.8,71.5,2,2023
2023-02-17,30.7,0.0,66.70833333333333,2,2023
2023-02-18,29.8,2.0,71.75,2,2023
2023-02-19,31.5,0.0,67.91666666666667,2,2023
2023-02-20,29.1,0.7,73.875,2,2023
2023-02-21,31.2,0.0,66.70833333333333,2,2023
2023-02-22,30.9,0.0,69.0,2,2023
2023-02-23,30.7,1.3,66.20833333333333,2,2023
2023-02-24,29.5,0.4,70.41666666666667,2,2023
2023-02-25,30.8,0.6,68.95833333333333,2,2023
2023-02-26,30.1,0.0,68.875,2,2023
2023-02-27,31.6,0.0,71.375,2,2023
2023-02-28,32.6,0.0,70.375,2,2023
2023-03-01,33.7,0.0,70.83333333333333,3,2023
2023-03-02,31.4,0.3,71.58333333333333,3,2023
2023-03-03,31.9,0.0,72.04166666666667,3,2023
2023-03-04,32.5,0.0,70.16666666666667,3,2023
2023-03-05,31.2,0.0,73.58333333333333,3,2023
2023-03-06,31.1,0.0,72.66666666666667,3,2023
2023-03-07,30.7,0.0,72.33333333333333,3,2023
2023-03-08,31.2,1.5,73.875,3,2023
2023-03-09,27.9,2.9,84.33333333333333,3,2023
2023-03-10,29.4,0.2,75.04166666666667,3,2023
2023-03-11,30.5,0.0,73.5,3,2023
2023-03-12,29.8,14.9,87.625,3,2023
2023-03-13,31.0,6.6,84.25,3,2023
2023-03-14,29.8,0.8,80.875,3,2023
2023-03-15,33.2,0.0,68.5,3,2023
2023-03-16,32.3,0.0,72.125,3,2023
2023-03-17,31.3,1.3,72.25,3,2023
2023-03-18,31.5,0.0,68.45833333333333,3,2023
2023-03-19,31.4,0.0,67.33333333333333,3,2023
2023-03-20,31.5,0.0,67.66666666666667,3,2023
2023-03-21,30.9,0.3,70.04166666666667,3,2023
2023-03-22,30.4,1.2,71.70833333333333,3,2023
2023-03-23,30.6,0.9,71.125,3,2023
2023-03-24,32.5,1.1,68.375,3,2023
2023-03-25,30.8,0.2,71.41666666666667,3,2023
2023-03-26,32.6,0.1,68.25,3,2023
2023-03-27,29.8,0.0,69.41666666666667,3,2023
2023-03-28,32.0,0.0,69.75,3,2023
2023-03-29,31.6,0.0,68.75,3,2023
2023-03-30,31.5,0.0,68.875,3,2023
2023-03-31,31.8,0.2,68.83333333333333,3,2023
2023-04-01,32.4,0.0,67.20833333333333,4,2023
2023-04-02,30.3,0.0,71.0,4,2023
2023-04-03,33.2,0.0,69.75,4,2023
2023-04-04,33.2,0.1,68.33333333333333,4,2023
2023-04-05,31.8,0.9,70.83333333333333,4,2023
2023-04-06,31.9,1.1,70.625,4,2023
2023-04-07,32.9,3.7,72.25,4,2023
2023-04-08,32.4,0.6,74.20833333333333,4,2023
2023-04-09,33.9,2.9,74.5,4,2023
2023-04-10,34.3,2.0,78.41666666666667,4,2023
2023-04-11,33.5,8.9,81.25,4,2023
2023-04-12,31.7,1.4,76.70833333333333,4,2023
2023-04-13,32.1,0.0,72.5,4,2023
2023-04-14,32.2,0.0,68.54166666666667,4,2023
2023-04-15,32.7,0.0,68.0,4,2023
2023-04-16,31.8,0.1,72.625,4,2023
2023-04-17,33.6,5.0,80.29166666666667,4,2023
2023-04-18,31.7,0.5,71.25,4,2023
2023-04-19,31.8,0.0,69.54166666666667,4,2023
2023-04-20,31.8,0.0,70.875,4,2023
2023-04-21,32.5,5.0,79.04166666666667,4,2023
2023-04-22,30.6,8.6,82.16666666666667,4,2023
2023-04-23,29.1,3.6,83.875,4,2023
2023-04-24,30.9,1.6,81.95833333333333,4,2023
2023-04-25,32.8,8.2,75.25,4,2023
2023-04-26,33.5,3.9,74.79166666666667,4,2023
2023-04-27,34.4,1.8,76.83333333333333,4,2023
2023-04-28,31.6,7.6,85.375,4,2023
2023-04-29,32.5,5.2,79.41666666666667,4,2023
2023-04-30,33.8,6.9,84.45833333333333,4,2023
2023-05-01,35.1,0.1,76.625,5,2023
2023-05-02,34.9,0.0,71.95833333333333,5,2023
2023-05-03,34.9,0.0,70.41666666666667,5,2023
2023-05-04,34.6,0.0,69.875,5,2023
2023-05-05,34.4,0.0,70.0,5,2023
2023-05-06,34.1,0.0,69.79166666666667,5,2023
2023-05-07,34.5,0.0,69.20833333333333,5,2023
2023-05-08,34.7,0.7,73.08333333333333,5,2023
2023-05-09,33.8,0.0,73.25,5,2023
2023-05-10,32.1,0.8,76.625,5,2023
2023-05-11,34.5,0.0,71.83333333333333,5,2023
2023-05-12,34.3,0.0,70.33333333333333,5,2023
2023-05-13,34.8,2.4,72.79166666666667,5,2023
2023-05-14,34.7,0.2,70.16666666666667,5,2023
2023-05-15,32.4,14.4,83.91666666666667,5,2023
2023-05-16,31.7,15.7,87.58333333333333,5,2023
2023-05-17,32.2,14.1,86.20833333333333,5,2023
2023-05-18,33.6,0.7,76.33333333333333,5,2023
2023-05-19,32.9,0.5,76.875,5,2023
2023-05-20,32.1,12.0,81.91666666666667,5,2023
2023-05-21,33.5,14.9,87.625,5,2023
2023-05-22,32.0,3.2,83.5,5,2023
2023-05-23,33.3,5.6,83.08333333333333,5,2023
2023-05-24,31.2,5.8,85.5,5,2023
2023-05-25,29.3,28.9,92.91666666666667,5,2023
2023-05-26,29.4,4.8,88.375,5,2023
2023-05-27,33.2,10.2,86.625,5,2023
2023-05-28,33.3,0.3,80.66666666666667,5,2023
2023-05-29,31.8,6.4,87.70833333333333,5,2023
2023-05-30,31.7,2.3,86.25,5,2023
2023-05-31,32.1,19.3,88.70833333333333,5,2023
2023-06-01,32.1,1.0,83.66666666666667,6,2023
2023-06-02,31.5,15.8,87.0,6,2023
2023-06-03,33.4,2.0,80.91666666666667,6,2023
2023-06-04,31.3,10.6,86.45833333333333,6,2023
2023-06-05,30.6,9.3,88.83333333333333,6,2023
2023-06-06,32.4,2.0,79.70833333333333,6,2023
2023-06-07,33.0,0.7,79.33333333333333,6,2023
2023-06-08,31.0,29.0,87.875,6,2023
2023-06-09,32.6,2.9,83.29166666666667,6,2023
2023-06-10,32.6,19.0,85.04166666666667,6,2023
2023-06-11,32.5,1.6,79.75,6,2023
2023-06-12,31.7,0.3,78.79166666666667,6,2023
2023-06-13,32.2,0.4,76.45833333333333,6,2023
2023-06-14,32.3,0.0,76.70833333333333,6,2023
2023-06-15,31.6,0.0,76.08333333333333,6,2023
2023-06-16,31.9,0.8,75.75,6,2023
2023-06-17,31.6,2.4,77.125,6,2023
2023-06-18,32.7,0.4,77.70833333333333,6,2023
2023-06-19,34.1,0.0,74.16666666666667,6,2023
2023-06-20,34.8,0.0,69.66666666666667,6,2023
2023-06-21,34.2,0.0,69.79166666666667,6,2023
2023-06-22,33.9,0.4,73.66666666666667,6,2023
2023-06-23,33.5,0.9,69.91666666666667,6,2023
2023-06-24,34.8,1.9,72.16666666666667,6,2023
2023-06-25,32.0,5.7,83.41666666666667,6,2023
2023-06-26,34.2,24.6,83.625,6,2023
2023-06-27,33.4,1.1,76.66666666666667,6,2023
2023-06-28,33.2,1.0,78.29166666666667,6,2023
2023-06-29,33.8,1.8,79.29166666666667,6,2023
2023-06-30,35.5,3.2,74.375,6,2023
2023-07-01,34.4,9.6,75.625,7,2023
2023-07-02,33.5,17.7,82.16666666666667,7,2023
2023-07-03,33.5,6.1,76.79166666666667,7,2023
2023-07-04,33.2,0.5,75.54166666666667,7,2023
2023-07-05,33.2,0.0,75.625,7,2023
2023-07-06,31.8,0.4,72.70833333333333,7,2023
2023-07-07,33.8,0.0,67.08333333333333,7,2023
2023-07-08,32.9,0.0,72.70833333333333,7,2023
2023-07-09,33.6,0.0,71.08333333333333,7,2023
2023-07-10,33.1,0.2,69.70833333333333,7,2023
2023-07-11,32.3,0.6,73.58333333333333,7,2023
2023-07-12,32.9,0.9,71.66666666666667,7,2023
2023-07-13,33.9,0.6,71.79166666666667,7,2023
2023-07-14,32.9,0.5,70.33333333333333,7,2023
2023-07-15,32.8,1.0,73.70833333333333,7,2023
2023-07-16,32.3,1.2,74.95833333333333,7,2023
2023-07-17,33.4,0.0,70.41666666666667,7,2023
2023-07-18,33.7,0.8,73.95833333333333,7,2023
2023-07-19,34.9,0.0,69.45833333333333,7,2023
2023-07-20,34.7,0.0,68.66666666666667,7,2023
2023-07-21,34.9,0.0,66.83333333333333,7,2023
2023-07-22,33.5,0.4,71.875,7,2023
2023-07-23,32.6,0.0,70.5,7,2023
2023-07-24,33.9,0.3,68.375,7,2023
2023-07-25,33.3,0.6,69.66666666666667,7,2023
2023-07-26,35.0,41.8,80.66666666666667,7,2023
2023-07-27,32.8,2.0,82.16666666666667,7,2023
2023-07-28,33.4,0.2,75.58333333333333,7,2023
2023-07-29,34.3,0.0,72.04166666666667,7,2023
2023-07-30,34.8,0.0,75.58333333333333,7,2023
2023-07-31,34.6,11.9,81.70833333333333,7,2023
2023-08-01,35.6,0.1,75.16666666666667,8,2023
2023-08-02,35.6,0.0,71.79166666666667,8,2023
2023-08-03,35.0,0.0,69.54166666666667,8,2023
2023-08-04,34.2,0.0,71.375,8,2023
2023-08-05,33.2,0.5,73.08333333333333,8,2023
2023-08-06,34.6,1.1,72.0,8,2023
2023-08-07,34.7,0.4,70.5,8,2023
2023-08-08,36.4,0.3,75.0,8,2023
2023-08-09,38.1,7.4,77.25,8,2023
2023-08-10,35.8,0.5,78.0,8,2023
2023-08-11,34.8,0.0,71.25,8,2023
2023-08-12,33.6,0.0,68.58333333333333,8,2023
2023-08-13,33.7,0.0,69.70833333333333,8,2023
2023-08-14,33.5,1.1,72.29166666666667,8,2023
2023-08-15,34.3,0.5,69.875,8,2023
2023-08-16,32.1,1.0,74.58333333333333,8,2023
2023-08-17,34.1,0.9,70.70833333333333,8,2023
2023-08-18,35.8,0.0,67.79166666666667,8,2023
2023-08-19,34.8,2.1,71.75,8,2023
2023-08-20,33.8,3.7,77.5,8,2023
2023-08-21,31.5,5.1,81.08333333333333,8,2023
2023-08-22,33.4,2.3,77.54166666666667,8,2023
2023-08-23,33.7,2.5,76.5,8,2023
2023-08-24,34.0,0.1,74.95833333333333,8,2023
2023-08-25,34.8,1.7,76.875,8,2023
2023-08-26,35.2,14.2,83.33333333333333,8,2023
2023-08-27,34.9,5.7,82.41666666666667,8,2023
2023-08-28,36.8,0.2,74.66666666666667,8,2023
2023-08-29,36.4,0.3,71.33333333333333,8,2023
2023-08-30,34.4,0.0,73.54166666666667,8,2023
2023-08-31,37.1,0.1,69.91666666666667,8,2023
2023-09-01,35.1,0.2,72.70833333333333,9,2023
2023-09-02,35.0,2.6,79.41666666666667,9,2023
2023-09-03,34.5,7.7,80.875,9,2023
2023-09-04,35.4,4.1,76.08333333333333,9,2023
2023-09-05,35.5,0.0,71.04166666666667,9,2023
2023-09-06,35.9,0.5,73.16666666666667,9,2023
2023-09-07,36.4,1.3,76.625,9,2023
2023-09-08,33.9,1.6,78.75,9,2023
2023-09-09,33.1,1.1,74.04166666666667,9,2023
2023-09-10,31.6,22.9,85.20833333333333,9,2023
2023-09-11,35.1,0.3,77.58333333333333,9,2023
2023-09-12,35.3,2.0,78.16666666666667,9,2023
2023-09-13,35.1,1.8,78.33333333333333,9,2023
2023-09-14,37.0,3.2,74.0,9,2023
2023-09-15,36.4,6.5,79.5,9,2023
2023-09-16,32.1,2.1,78.625,9,2023
2023-09-17,34.5,5.9,75.625,9,2023
2023-09-18,35.0,19.6,84.75,9,2023
2023-09-19,33.7,0.5,78.66666666666667,9,2023
2023-09-20,35.1,0.6,74.41666666666667,9,2023
2023-09-21,35.3,0.4,75.5,9,2023
2023-09-22,35.1,0.0,72.625,9,2023
2023-09-23,35.8,6.6,76.29166666666667,9,2023
2023-09-24,32.1,3.3,85.08333333333333,9,2023
2023-09-25,35.6,0.0,71.875,9,2023
2023-09-26,33.2,1.6,79.33333333333333,9,2023
2023-09-27,35.2,0.0,71.79166666666667,9,2023
2023-09-28,34.9,0.2,69.83333333333333,9,2023
2023-09-29,34.3,2.5,75.625,9,2023
2023-09-30,34.2,0.5,75.54166666666667,9,2023
2023-10-01,35.2,0.4,78.66666666666667,10,2023
2023-10-02,35.0,0.3,74.375,10,2023
2023-10-03,36.9,15.6,78.91666666666667,10,2023
2023-10-04,32.3,5.9,84.66666666666667,10,2023
2023-10-05,31.1,6.4,87.58333333333333,10,2023
2023-10-06,34.7,8.3,81.625,10,2023
2023-10-07,34.7,0.0,75.45833333333333,10,2023
2023-10-08,34.6,9.7,81.83333333333333,10,2023
2023-10-09,35.1,1.3,78.625,10,2023
2023-10-10,34.8,0.2,75.29166666666667,10,2023
2023-10-11,34.4,1.4,78.95833333333333,10,2023
2023-10-12,35.3,3.6,82.66666666666667,10,2023
2023-10-13,35.8,2.0,80.625,10,2023
2023-10-14,33.9,2.7,85.08333333333333,10,2023
2023-10-15,33.2,1.3,82.16666666666667,10,2023
2023-10-16,32.1,7.3,85.54166666666667,10,2023
2023-10-17,33.8,3.4,82.79166666666667,10,2023
2023-10-18,33.6,0.2,74.79166666666667,10,2023
2023-10-19,35.5,9.4,80.58333333333333,10,2023
2023-10-20,33.2,1.4,83.83333333333333,10,2023
2023-10-21,31.0,11.7,87.83333333333333,10,2023
2023-10-22,32.1,8.4,88.25,10,2023
2023-10-23,33.6,5.9,84.375,10,2023
2023-10-24,32.7,11.9,88.91666666666667,10,2023
2023-10-25,31.7,11.1,88.875,10,2023
2023-10-26,31.0,10.0,88.75,10,2023
2023-10-27,30.0,16.3,87.58333333333333,10,2023
2023-10-28,30.3,5.7,86.33333333333333,10,2023
2023-10-29,29.3,6.6,87.58333333333333,10,2023
2023-10-30,30.9,1.3,83.66666666666667,10,2023
2023-10-31,31.5,6.0,87.08333333333333,10,2023
2023-11-01,29.2,9.3,90.875,11,2023
2023-11-02,29.9,20.3,90.75,11,2023
2023-11-03,31.3,0.9,84.0,11,2023
2023-11-04,32.2,12.2,84.08333333333333,11,2023
2023-11-05,32.2,6.9,88.79166666666667,11,2023
2023-11-06,31.9,11.3,87.41666666666667,11,2023
2023-11-07,31.5,0.6,82.33333333333333,11,2023
2023-11-08,32.6,4.6,84.54166666666667,11,2023
2023-11-09,32.7,0.2,80.54166666666667,11,2023
2023-11-10,32.4,0.3,78.58333333333333,11,2023
2023-11-11,32.4,0.7,77.625,11,2023
2023-11-12,31.7,0.2,79.29166666666667,11,2023
2023-11-13,32.7,0.3,78.79166666666667,11,2023
2023-11-14,32.1,0.2,79.16666666666667,11,2023
2023-11-15,32.6,0.8,79.95833333333333,11,2023
2023-11-16,32.6,1.7,82.20833333333333,11,2023
2023-11-17,33.6,3.4,81.20833333333333,11,2023
2023-11-18,31.8,4.4,86.0,11,2023
2023-11-19,30.8,0.6,81.33333333333333,11,2023
2023-11-20,31.4,1.5,76.54166666666667,11,2023
2023-11-21,31.8,1.3,80.0,11,2023
2023-11-22,30.8,1.1,86.0,11,2023
2023-11-23,32.2,0.0,79.29166666666667,11,2023
2023-11-24,31.3,1.1,78.04166666666667,11,2023
2023-11-25,32.2,0.3,77.375,11,2023
2023-11-26,32.0,0.2,74.75,11,2023
2023-11-27,31.4,0.2,76.58333333333333,11,2023
2023-11-28,32.7,0.2,75.33333333333333,11,2023
2023-11-29,32.5,0.1,74.41666666666667,11,2023
2023-11-30,31.9,0.1,74.79166666666667,11,2023
2023-12-01,31.7,0.0,72.41666666666667,12,2023
2023-12-02,31.6,0.1,72.29166666666667,12,2023
2023-12-03,31.8,0.0,73.375,12,2023
2023-12-04,31.8,0.0,72.08333333333333,12,2023
2023-12-05,32.0,0.0,73.58333333333333,12,2023
2023-12-06,32.6,0.0,73.95833333333333,12,2023
2023-12-07,30.4,0.9,78.83333333333333,12,2023
2023-12-08,30.1,4.1,79.625,12,2023
2023-12-09,32.1,0.2,75.08333333333333,12,2023
2023-12-10,31.4,1.4,76.75,12,2023
2023-12-11,32.5,0.0,72.70833333333333,12,2023
2023-12-12,31.8,0.0,73.91666666666667,12,2023
2023-12-13,29.5,3.7,78.20833333333333,12,2023
2023-12-14,30.8,1.3,77.79166666666667,12,2023
2023-12-15,32.1,0.0,74.95833333333333,12,2023
2023-12-16,33.0,1.9,80.375,12,2023
2023-12-17,33.2,0.4,80.625,12,2023
2023-12-18,33.2,2.5,83.54166666666667,12,2023
2023-12-19,32.3,1.6,78.20833333333333,12,2023
2023-12-20,32.6,0.1,76.54166666666667,12,2023
2023-12-21,30.5,0.9,78.04166666666667,12,2023
2023-12-22,30.9,0.7,77.16666666666667,12,2023
2023-12-23,31.6,0.9,78.20833333333333,12,2023
2023-12-24,32.0,1.3,80.33333333333333,12,2023
2023-12-25,30.5,6.3,84.16666666666667,12,2023
2023-12-26,31.3,2.5,81.625,12,2023
2023-12-27,31.3,0.8,78.70833333333333,12,2023
2023-12-28,31.9,0.6,75.66666666666667,12,2023
2023-12-29,31.9,2.9,79.91666666666667,12,2023
2023-12-30,31.0,2.8,80.54166666666667,12,2023
2023-12-31,30.2,1.5,78.45833333333333,12,2023
2024-01-01,30.1,2.4,78.20833333333333,1,2024
2024-01-02,30.6,1.2,75.95833333333333,1,2024
2024-01-03,31.7,0.0,74.66666666666667,1,2024
2024-01-04,32.3,0.1,75.16666666666667,1,2024
2024-01-05,31.7,0.1,73.41666666666667,1,2024
2024-01-06,31.7,0.6,73.58333333333333,1,2024
2024-01-07,31.5,0.0,72.25,1,2024
2024-01-08,31.5,0.0,70.33333333333333,1,2024
2024-01-09,32.8,0.0,68.625,1,2024
2024-01-10,33.3,0.0,71.08333333333333,1,2024
2024-01-11,32.9,0.0,71.66666666666667,1,2024
2024-01-12,32.5,0.0,70.16666666666667,1,2024
2024-01-13,33.1,0.0,72.45833333333333,1,2024
2024-01-14,32.8,0.0,72.70833333333333,1,2024
2024-01-15,32.6,0.0,69.25,1,2024
2024-01-16,33.4,0.0,70.625,1,2024
2024-01-17,33.3,0.0,69.83333333333333,1,2024
2024-01-18,33.1,0.0,66.91666666666667,1,2024
2024-01-19,33.9,0.0,67.95833333333333,1,2024
2024-01-20,33.9,0.0,70.91666666666667,1,2024
2024-01-21,33.3,0.0,70.75,1,2024
2024-01-22,31.7,0.3,69.25,1,2024
2024-01-23,33.6,0.0,68.0,1,2024
2024-01-24,32.9,0.0,67.04166666666667,1,2024
2024-01-25,33.4,0.0,68.375,1,2024
2024-01-26,32.8,0.0,68.16666666666667,1,2024
2024-01-27,33.1,0.0,69.25,1,2024
2024-01-28,33.4,0.0,68.79166666666667,1,2024
2024-01-29,35.0,0.0,69.75,1,2024
2024-01-30,34.2,0.0,68.91666666666667,1,2024
2024-01-31,32.2,2.2,71.83333333333333,1,2024
2024-02-01,32.1,2.3,78.95833333333333,2,2024
2024-02-02,32.0,1.6,80.58333333333333,2,2024
2024-02-03,30.6,6.6,87.83333333333333,2,2024
2024-02-04,31.7,3.0,84.29166666666667,2,2024
2024-02-05,33.1,2.3,78.54166666666667,2,2024
2024-02-06,32.3,7.1,79.58333333333333,2,2024
2024-02-07,29.4,5.8,85.25,2,2024
2024-02-08,29.2,0.0,74.16666666666667,2,2024
2024-02-09,29.7,0.0,70.08333333333333,2,2024
2024-02-10,31.2,0.8,73.79166666666667,2,2024
2024-02-11,32.1,0.1,72.54166666666667,2,2024
2024-02-12,33.6,0.0,69.625,2,2024
2024-02-13,34.3,0.0,69.25,2,2024
2024-02-14,33.3,0.1,71.29166666666667,2,2024
2024-02-15,34.0,0.0,71.83333333333333,2,2024
2024-02-16,35.3,0.2,68.375,2,2024
2024-02-17,33.5,0.0,70.16666666666667,2,2024
2024-02-18,37.4,0.0,68.41666666666667,2,2024
2024-02-19,34.7,0.0,69.5,2,2024
2024-02-20,34.0,0.5,71.25,2,2024
2024-02-21,31.9,2.4,71.83333333333333,2,2024
2024-02-22,33.1,1.6,71.33333333333333,2,2024
2024-02-23,32.8,0.1,69.20833333333333,2,2024
2024-02-24,34.4,0.0,67.875,2,2024
2024-02-25,33.6,0.0,65.75,2,2024
2024-02-26,33.1,0.0,65.79166666666667,2,2024
2024-02-27,33.0,0.0,68.20833333333333,2,2024
2024-02-28,32.4,0.0,68.33333333333333,2,2024
2024-02-29,32.1,0.0,67.625,2,2024
2024-03-01,31.6,0.5,68.08333333333333,3,2024
2024-03-02,32.6,0.0,67.41666666666667,3,2024
2024-03-03,33.0,0.0,67.0,3,2024
2024-03-04,34.2,0.0,66.91666666666667,3,2024
2024-03-05,34.0,0.0,66.04166666666667,3,2024
2024-03-06,35.1,0.0,66.625,3,2024
2024-03-07,36.7,0.8,66.45833333333333,3,2024
2024-03-08,36.1,0.5,70.5,3,2024
2024-03-09,34.5,0.2,71.75,3,2024
2024-03-10,35.2,0.0,69.875,3,2024
2024-03-11,33.5,0.0,68.79166666666667,3,2024
2024-03-12,32.1,0.0,71.0,3,2024
2024-03-13,34.5,0.0,66.125,3,2024
2024-03-14,34.6,0.0,67.625,3,2024
2024-03-15,33.3,0.0,68.29166666666667,3,2024
2024-03-16,35.4,0.0,66.45833333333333,3,2024
2024-03-17,35.8,0.0,67.54166666666667,3,2024
2024-03-18,36.4,0.2,67.45833333333333,3,2024
2024-03-19,38.4,0.6,68.375,3,2024
2024-03-20,36.1,0.7,72.54166666666667,3,2024
2024-03-21,33.8,0.1,72.29166666666667,3,2024
2024-03-22,33.9,0.0,67.625,3,2024
2024-03-23,35.4,0.0,65.25,3,2024
2024-03-24,36.0,0.6,67.91666666666667,3,2024
2024-03-25,35.7,0.5,70.5,3,2024
2024-03-26,35.1,0.1,68.5,3,2024
2024-03-27,34.2,0.1,67.70833333333333,3,2024
2024-03-28,34.1,0.0,68.125,3,2024
2024-03-29,33.5,0.0,66.45833333333333,3,2024
2024-03-30,34.4,0.0,64.04166666666667,3,2024
2024-03-31,33.7,0.0,61.375,3,2024
2024-04-01,33.1,0.2,65.70833333333333,4,2024
2024-04-02,33.0,1.2,69.70833333333333,4,2024
2024-04-03,35.4,3.2,74.58333333333333,4,2024
2024-04-04,33.4,0.7,76.58333333333333,4,2024
2024-04-05,34.7,0.2,71.375,4,2024
2024-04-06,35.4,0.0,68.25,4,2024
2024-04-07,36.7,0.0,65.83333333333333,4,2024
2024-04-08,36.8,0.0,65.58333333333333,4,2024
2024-04-09,34.1,0.0,66.125,4,2024
2024-04-10,35.2,0.0,63.833333333333336,4,2024
2024-04-11,35.1,0.0,64.20833333333333,4,2024
2024-04-12,34.1,0.0,64.5,4,2024
2024-04-13,33.5,0.5,66.08333333333333,4,2024
2024-04-14,34.0,0.0,66.58333333333333,4,2024
2024-04-15,35.2,0.4,66.79166666666667,4,2024
2024-04-16,36.4,0.4,67.75,4,2024
2024-04-17,34.4,5.3,76.54166666666667,4,2024
2024-04-18,34.1,5.5,77.95833333333333,4,2024
2024-04-19,34.3,2.0,77.33333333333333,4,2024
2024-04-20,33.7,3.4,75.25,4,2024
2024-04-21,33.1,9.5,78.5,4,2024
2024-04-22,31.2,12.3,84.83333333333333,4,2024
2024-04-23,30.8,5.7,79.79166666666667,4,2024
2024-04-24,33.8,0.0,70.29166666666667,4,2024
2024-04-25,33.0,0.1,72.83333333333333,4,2024
2024-04-26,28.4,7.7,88.45833333333333,4,2024
2024-04-27,32.8,0.1,77.375,4,2024
2024-04-28,31.7,0.3,73.04166666666667,4,2024
2024-04-29,32.7,3.7,76.625,4,2024
2024-04-30,32.9,0.7,73.33333333333333,4,2024
2024-05-01,34.3,6.1,77.75,5,2024
2024-05-02,32.0,1.9,83.875,5,2024
2024-05-03,31.8,9.7,85.04166666666667,5,2024
2024-05-04,32.5,15.4,87.0,5,2024
2024-05-05,33.5,1.0,80.58333333333333,5,2024
2024-05-06,34.1,1.9,80.375,5,2024
2024-05-07,33.7,0.4,76.95833333333333,5,2024
2024-05-08,33.9,3.3,83.58333333333333,5,2024
2024-05-09,33.1,3.7,82.58333333333333,5,2024
2024-05-10,33.5,0.4,81.91666666666667,5,2024
2024-05-11,34.2,0.3,82.0,5,2024
2024-05-12,34.4,2.9,79.5,5,2024
2024-05-13,34.7,0.4,74.5,5,2024
2024-05-14,34.1,0.1,73.04166666666667,5,2024
2024-05-15,34.6,0.0,71.29166666666667,5,2024
2024-05-16,34.0,0.0,72.08333333333333,5,2024
2024-05-17,34.1,5.7,73.25,5,2024
2024-05-18,34.7,0.5,71.79166666666667,5,2024
2024-05-19,34.2,0.0,71.70833333333333,5,2024
2024-05-20,35.3,5.0,73.29166666666667,5,2024
2024-05-21,32.8,3.4,77.33333333333333,5,2024
2024-05-22,32.5,0.7,78.5,5,2024
2024-05-23,33.4,4.3,78.20833333333333,5,2024
2024-05-24,33.4,6.9,84.16666666666667,5,2024
2024-05-25,32.7,0.8,79.5,5,2024
2024-05-26,33.7,1.7,75.54166666666667,5,2024
2024-05-27,33.8,0.2,73.41666666666667,5,2024
2024-05-28,33.1,0.7,75.33333333333333,5,2024
2024-05-29,34.2,0.5,72.75,5,2024
2024-05-30,34.5,2.3,74.0,5,2024
2024-05-31,32.9,5.1,82.54166666666667,5,2024
2024-06-01,35.0,0.0,73.58333333333333,6,2024
2024-06-02,36.1,4.4,76.625,6,2024
2024-06-03,35.4,0.6,78.75,6,2024
2024-06-04,31.7,23.6,85.95833333333333,6,2024
2024-06-05,33.0,7.1,82.91666666666667,6,2024
2024-06-06,31.9,12.9,89.5,6,2024
2024-06-07,31.6,5.4,87.08333333333333,6,2024
2024-06-08,34.4,6.7,81.875,6,2024
2024-06-09,32.4,12.9,87.0,6,2024
2024-06-10,33.5,10.1,82.58333333333333,6,2024
2024-06-11,33.4,6.3,83.875,6,2024
2024-06-12,32.4,2.4,82.20833333333333,6,2024
2024-06-13,33.0,0.1,74.41666666666667,6,2024
2024-06-14,33.2,0.1,72.375,6,2024
2024-06-15,31.1,17.6,87.04166666666667,6,2024
2024-06-16,30.1,5.8,87.375,6,2024
2024-06-17,33.4,0.0,77.25,6,2024
2024-06-18,32.8,8.3,81.16666666666667,6,2024
2024-06-19,32.2,0.8,80.91666666666667,6,2024
2024-06-20,31.8,7.8,78.83333333333333,6,2024
2024-06-21,33.1,0.4,76.33333333333333,6,2024
2024-06-22,33.3,0.3,73.95833333333333,6,2024
2024-06-23,33.2,0.2,73.79166666666667,6,2024
2024-06-24,32.9,2.0,77.875,6,2024
2024-06-25,33.5,0.6,74.79166666666667,6,2024
2024-06-26,33.1,10.6,83.29166666666667,6,2024
2024-06-27,31.6,2.2,83.20833333333333,6,2024
2024-06-28,32.9,0.1,74.04166666666667,6,2024
2024-06-29,33.1,0.1,70.125,6,2024
2024-06-30,31.9,1.3,73.58333333333333,6,2024
2024-07-01,32.9,0.5,72.54166666666667,7,2024
2024-07-02,34.2,26.6,83.125,7,2024
2024-07-03,32.7,17.2,87.41666666666667,7,2024
2024-07-04,32.4,11.5,84.375,7,2024
2024-07-05,30.1,3.2,87.16666666666667,7,2024
2024-07-06,31.5,0.0,80.54166666666667,7,2024
2024-07-07,32.3,1.0,75.66666666666667,7,2024
2024-07-08,31.7,0.6,77.25,7,2024
2024-07-09,33.0,0.0,73.79166666666667,7,2024
2024-07-10,33.4,0.0,71.79166666666667,7,2024
2024-07-11,33.9,0.0,72.16666666666667,7,2024
2024-07-12,33.0,0.9,74.79166666666667,7,2024
2024-07-13,32.3,3.5,75.41666666666667,7,2024
2024-07-14,32.7,0.3,72.41666666666667,7,2024
2024-07-15,34.3,0.0,70.875,7,2024
2024-07-16,33.9,0.0,73.33333333333333,7,2024
2024-07-17,33.6,6.5,79.75,7,2024
2024-07-18,32.9,11.9,81.625,7,2024
2024-07-19,33.6,4.1,82.41666666666667,7,2024
2024-07-20,34.6,4.6,73.95833333333333,7,2024
2024-07-21,33.2,0.1,71.70833333333333,7,2024
2024-07-22,33.5,0.6,71.5,7,2024
2024-07-23,33.5,16.9,78.41666666666667,7,2024
2024-07-24,30.5,4.6,83.5,7,2024
2024-07-25,33.4,0.0,73.25,7,2024
2024-07-26,33.6,0.2,73.625,7,2024
2024-07-27,33.4,0.0,70.75,7,2024
2024-07-28,33.1,0.2,69.33333333333333,7,2024
2024-07-29,33.0,1.0,70.33333333333333,7,2024
2024-07-30,34.7,0.2,70.29166666666667,7,2024
2024-07-31,36.1,2.7,73.25,7,2024
2024-08-01,36.1,8.5,77.5,8,2024
2024-08-02,33.7,6.9,77.20833333333333,8,2024
2024-08-03,35.0,0.0,70.33333333333333,8,2024
2024-08-04,33.7,0.0,72.25,8,2024
2024-08-05,32.8,9.7,73.29166666666667,8,2024
2024-08-06,28.7,29.1,89.125,8,2024
2024-08-07,32.4,16.9,87.79166666666667,8,2024
2024-08-08,33.1,1.7,78.375,8,2024
2024-08-09,33.2,0.0,72.16666666666667,8,2024
2024-08-10,32.8,3.8,79.70833333333333,8,2024
2024-08-11,33.3,12.0,85.79166666666667,8,2024
2024-08-12,34.2,0.0,74.25,8,2024
2024-08-13,33.2,5.7,80.79166666666667,8,2024
2024-08-14,33.0,5.0,81.04166666666667,8,2024
2024-08-15,35.1,0.0,78.83333333333333,8,2024
2024-08-16,34.8,3.1,80.16666666666667,8,2024
2024-08-17,33.8,10.2,84.16666666666667,8,2024
2024-08-18,36.1,0.0,73.91666666666667,8,2024
2024-08-19,34.0,0.3,72.66666666666667,8,2024
2024-08-20,33.6,0.8,72.79166666666667,8,2024
2024-08-21,33.2,1.3,71.375,8,2024
2024-08-22,34.8,3.8,75.91666666666667,8,2024
2024-08-23,34.9,1.5,79.16666666666667,8,2024
2024-08-24,33.0,14.5,84.70833333333333,8,2024
2024-08-25,32.7,22.3,87.45833333333333,8,2024
2024-08-26,32.3,6.5,85.125,8,2024
2024-08-27,32.9,2.3,81.375,8,2024
2024-08-28,33.8,0.4,72.875,8,2024
2024-08-29,33.7,1.9,75.41666666666667,8,2024
2024-08-30,34.5,7.7,82.25,8,2024
2024-08-31,33.5,5.3,84.5,8,2024
2024-09-01,31.4,0.6,81.16666666666667,9,2024
2024-09-02,33.5,12.4,84.58333333333333,9,2024
2024-09-03,31.8,11.7,89.125,9,2024
2024-09-04,33.6,12.4,85.33333333333333,9,2024
2024-09-05,33.8,28.6,85.08333333333333,9,2024
2024-09-06,33.0,9.5,87.08333333333333,9,2024
2024-09-07,30.7,15.8,90.375,9,2024
2024-09-08,32.7,6.9,85.0,9,2024
2024-09-09,32.0,9.7,87.5,9,2024
2024-09-10,34.1,2.6,85.66666666666667,9,2024
2024-09-11,33.1,1.3,80.29166666666667,9,2024
2024-09-12,31.3,14.3,85.91666666666667,9,2024
2024-09-13,32.5,3.7,85.54166666666667,9,2024
2024-09-14,34.2,0.6,77.33333333333333,9,2024
2024-09-15,35.6,0.3,78.33333333333333,9,2024
2024-09-16,35.3,9.5,78.58333333333333,9,2024
2024-09-17,30.9,9.5,88.0,9,2024
2024-09-18,33.9,0.0,76.70833333333333,9,2024
2024-09-19,33.6,18.5,85.54166666666667,9,2024
2024-09-20,32.8,15.7,87.375,9,2024
2024-09-21,30.1,15.3,88.79166666666667,9,2024
2024-09-22,28.4,7.3,89.91666666666667,9,2024
2024-09-23,32.7,2.9,83.33333333333333,9,2024
2024-09-24,33.1,3.5,84.125,9,2024
2024-09-25,33.2,13.5,83.54166666666667,9,2024
2024-09-26,33.3,4.9,86.5,9,2024
2024-09-27,33.1,3.0,82.5,9,2024
2024-09-28,31.0,18.3,88.20833333333333,9,2024
2024-09-29,30.2,18.8,86.45833333333333,9,2024
2024-09-30,27.8,2.4,88.16666666666667,9,2024
2024-10-01,32.0,8.7,85.66666666666667,10,2024
2024-10-02,31.6,1.6,84.375,10,2024
2024-10-03,32.8,2.2,81.16666666666667,10,2024
2024-10-04,31.7,2.1,83.33333333333333,10,2024
2024-10-05,31.6,2.2,84.875,10,2024
2024-10-06,32.0,9.4,86.75,10,2024
2024-10-07,31.0,11.8,87.58333333333333,10,2024
2024-10-08,31.0,12.3,88.54166666666667,10,2024
2024-10-09,30.4,11.4,91.54166666666667,10,2024
2024-10-10,32.4,8.0,88.75,10,2024
2024-10-11,31.4,2.8,86.08333333333333,10,2024
2024-10-12,33.3,0.0,77.70833333333333,10,2024
2024-10-13,33.4,1.2,77.375,10,2024
2024-10-14,33.0,1.0,82.58333333333333,10,2024
2024-10-15,28.6,19.5,91.33333333333333,10,2024
2024-10-16,28.7,4.9,87.58333333333333,10,2024
2024-10-17,34.2,0.1,76.70833333333333,10,2024
2024-10-18,33.6,1.0,78.41666666666667,10,2024
2024-10-19,33.2,1.5,77.0,10,2024
2024-10-20,32.9,4.5,82.79166666666667,10,2024
2024-10-21,33.5,4.5,83.0,10,2024
2024-10-22,31.7,12.7,87.83333333333333,10,2024
2024-10-23,31.9,9.9,86.20833333333333,10,2024
2024-10-24,32.3,5.2,83.91666666666667,10,2024
2024-10-25,32.5,0.0,77.25,10,2024
2024-10-26,32.5,3.0,77.625,10,2024
2024-10-27,32.4,1.5,78.83333333333333,10,2024
2024-10-28,32.0,1.0,78.5,10,2024
2024-10-29,32.1,0.7,78.125,10,2024
2024-10-30,33.4,14.6,82.58333333333333,10,2024
2024-10-31,31.1,17.3,86.375,10,2024
2024-11-01,28.4,16.1,90.95833333333333,11,2024
2024-11-02,29.7,16.0,88.45833333333333,11,2024
2024-11-03,31.7,4.3,86.0,11,2024
2024-11-04,28.5,10.1,92.29166666666667,11,2024
2024-11-05,32.4,6.0,85.83333333333333,11,2024
2024-11-06,32.2,3.4,85.875,11,2024
2024-11-07,30.5,10.7,88.95833333333333,11,2024
2024-11-08,30.9,11.8,87.0,11,2024
2024-11-09,29.3,11.7,87.5,11,2024
2024-11-10,28.8,6.0,88.875,11,2024
2024-11-11,30.1,3.5,88.58333333333333,11,2024
2024-11-12,29.4,14.7,91.45833333333333,11,2024
2024-11-13,29.0,8.1,88.75,11,2024
2024-11-14,29.2,3.9,86.04166666666667,11,2024
2024-11-15,30.2,1.7,82.70833333333333,11,2024
2024-11-16,30.0,6.6,85.625,11,2024
2024-11-17,30.2,9.6,89.25,11,2024
2024-11-18,31.5,0.0,81.29166666666667,11,2024
2024-11-19,31.8,0.3,81.45833333333333,11,2024
2024-11-20,29.3,7.9,88.54166666666667,11,2024
2024-11-21,29.7,10.9,89.91666666666667,11,2024
2024-11-22,29.7,10.3,89.20833333333333,11,2024
2024-11-23,28.9,4.2,89.29166666666667,11,2024
2024-11-24,31.4,3.3,82.83333333333333,11,2024
2024-11-25,31.9,2.8,81.83333333333333,11,2024
2024-11-26,32.0,18.2,88.125,11,2024
2024-11-27,30.2,11.4,87.95833333333333,11,2024
2024-11-28,31.1,23.5,89.66666666666667,11,2024
2024-11-29,31.5,3.7,88.75,11,2024
2024-11-30,32.1,0.3,80.95833333333333,11,2024
2024-12-01,31.1,2.4,81.375,12,2024
2024-12-02,30.5,5.9,83.45833333333333,12,2024
2024-12-03,30.5,2.6,81.29166666666667,12,2024
2024-12-04,30.2,2.2,80.95833333333333,12,2024
2024-12-05,29.3,0.8,83.16666666666667,12,2024
2024-12-06,30.4,0.5,76.83333333333333,12,2024
2024-12-07,30.5,0.4,80.95833333333333,12,2024
2024-12-08,29.9,1.8,82.33333333333333,12,2024
2024-12-09,31.1,0.9,80.75,12,2024
2024-12-10,30.6,0.1,77.16666666666667,12,2024
2024-12-11,30.7,0.0,77.91666666666667,12,2024
2024-12-12,29.5,2.7,82.08333333333333,12,2024
2024-12-13,28.7,1.3,82.125,12,2024
2024-12-14,29.5,0.1,80.91666666666667,12,2024
2024-12-15,30.6,0.3,80.0,12,2024
2024-12-16,30.8,1.1,82.33333333333333,12,2024
2024-12-17,31.8,0.8,82.08333333333333,12,2024
2024-12-18,31.6,0.4,80.54166666666667,12,2024
2024-12-19,31.0,1.2,81.5,12,2024
2024-12-20,31.5,2.4,83.91666666666667,12,2024
2024-12-21,31.2,0.2,85.29166666666667,12,2024
2024-12-22,29.7,5.2,87.04166666666667,12,2024
2024-12-23,30.4,0.0,82.16666666666667,12,2024
2024-12-24,30.7,0.0,75.375,12,2024
2024-12-25,30.6,0.1,77.5,12,2024
2024-12-26,30.4,0.0,79.45833333333333,12,2024
2024-12-27,30.7,0.4,79.75,12,2024
2024-12-28,30.3,0.0,80.875,12,2024
2024-12-29,30.8,0.0,79.25,12,2024
2024-12-30,30.6,0.2,79.70833333333333,12,2024
2024-12-31,29.7,0.1,81.04166666666667,12,2024
2025-01-01,29.3,1.2,81.79166666666667,1,2025
2025-01-02,28.7,3.5,79.91666666666667,1,2025
2025-01-03,28.3,5.7,84.95833333333333,1,2025
2025-01-04,28.1,15.3,89.70833333333333,1,2025
2025-01-05,27.2,5.1,89.66666666666667,1,2025
2025-01-06,30.6,0.7,81.25,1,2025
2025-01-07,30.8,0.1,80.5,1,2025
2025-01-08,30.0,0.3,82.375,1,2025
2025-01-09,30.2,0.2,80.5,1,2025
2025-01-10,30.9,0.0,75.16666666666667,1,2025
2025-01-11,30.0,0.0,76.20833333333333,1,2025
2025-01-12,30.0,0.0,78.66666666666667,1,2025
2025-01-13,30.1,0.0,77.75,1,2025
2025-01-14,29.2,3.2,81.45833333333333,1,2025
2025-01-15,28.4,3.8,81.625,1,2025
2025-01-16,30.5,0.0,78.0,1,2025
2025-01-17,29.4,0.1,78.83333333333333,1,2025
2025-01-18,30.8,0.2,76.58333333333333,1,2025
2025-01-19,30.4,0.4,77.04166666666667,1,2025
2025-01-20,30.6,0.6,74.54166666666667,1,2025
2025-01-21,30.9,0.8,75.91666666666667,1,2025
2025-01-22,30.7,0.6,74.54166666666667,1,2025
2025-01-23,30.4,0.7,72.91666666666667,1,2025
2025-01-24,30.8,0.0,72.83333333333333,1,2025
2025-01-25,30.0,0.5,77.33333333333333,1,2025
2025-01-26,30.5,0.0,76.20833333333333,1,2025
2025-01-27,31.8,0.0,73.0,1,2025
2025-01-28,31.6,0.0,74.41666666666667,1,2025
2025-01-29,30.6,0.0,74.375,1,2025
2025-01-30,29.6,2.6,78.75,1,2025
2025-01-31,31.2,0.0,69.58333333333333,1,2025
2025-02-01,31.4,0.0,71.25,2,2025
2025-02-02,30.0,0.0,73.54166666666667,2,2025
2025-02-03,30.6,0.0,72.95833333333333,2,2025
2025-02-04,30.3,0.0,74.54166666666667,2,2025
2025-02-05,29.9,0.6,73.16666666666667,2,2025
2025-02-06,30.6,0.0,72.5,2,2025
2025-02-07,31.2,0.1,70.91666666666667,2,2025
2025-02-08,30.6,0.5,75.625,2,2025
2025-02-09,29.3,1.1,75.375,2,2025
2025-02-10,29.9,1.0,76.75,2,2025
2025-02-11,30.1,1.2,72.875,2,2025
2025-02-12,30.4,0.0,68.25,2,2025
2025-02-13,31.1,0.0,69.83333333333333,2,2025
2025-02-14,30.7,0.8,71.95833333333333,2,2025
2025-02-15,31.0,0.1,70.04166666666667,2,2025
2025-02-16,31.4,0.2,71.70833333333333,2,2025
2025-02-17,31.2,0.3,71.5,2,2025
2025-02-18,32.1,0.1,69.16666666666667,2,2025
2025-02-19,33.4,0.0,67.41666666666667,2,2025
2025-02-20,33.5,0.0,67.66666666666667,2,2025
2025-02-21,32.7,0.3,69.29166666666667,2,2025
2025-02-22,31.5,1.1,69.66666666666667,2,2025
2025-02-23,31.1,0.3,68.79166666666667,2,2025
2025-02-24,32.9,0.3,68.25,2,2025
2025-02-25,34.2,1.5,74.875,2,2025
2025-02-26,31.7,5.4,82.04166666666667,2,2025
2025-02-27,33.9,0.0,66.95833333333333,2,2025
2025-02-28,31.5,1.3,72.20833333333333,2,2025
2025-03-01,32.1,0.3,71.5,3,2025
2025-03-02,31.8,0.1,70.41666666666667,3,2025
2025-03-03,31.3,0.1,68.75,3,2025
2025-03-04,32.1,0.5,69.95833333333333,3,2025
2025-03-05,33.1,0.1,69.16666666666667,3,2025
2025-03-06,32.6,0.0,70.125,3,2025
2025-03-07,32.2,1.1,69.83333333333333,3,2025
2025-03-08,33.7,0.0,66.16666666666667,3,2025
2025-03-09,32.8,0.0,67.375,3,2025
2025-03-10,32.9,0.0,68.08333333333333,3,2025
2025-03-11,33.4,0.0,67.58333333333333,3,2025
2025-03-12,34.6,0.0,68.45833333333333,3,2025
2025-03-13,34.1,0.0,64.45833333333333,3,2025
2025-03-14,33.3,0.2,65.29166666666667,3,2025
2025-03-15,33.1,0.0,65.20833333333333,3,2025
2025-03-16,34.3,1.8,69.875,3,2025
2025-03-17,33.6,1.1,71.16666666666667,3,2025
2025-03-18,32.4,1.7,72.91666666666667,3,2025
2025-03-19,31.0,3.9,73.54166666666667,3,2025
2025-03-20,32.7,1.8,76.91666666666667,3,2025
2025-03-21,33.3,3.5,77.70833333333333,3,2025
2025-03-22,33.2,1.1,70.70833333333333,3,2025
2025-03-23,33.1,0.2,67.04166666666667,3,2025
2025-03-24,34.0,0.0,65.83333333333333,3,2025
2025-03-25,34.5,0.0,66.16666666666667,3,2025
2025-03-26,33.1,3.1,70.16666666666667,3,2025
2025-03-27,32.3,0.0,70.70833333333333,3,2025
2025-03-28,31.7,2.2,72.25,3,2025
2025-03-29,32.4,0.1,68.83333333333333,3,2025
2025-03-30,31.7,0.0,67.41666666666667,3,2025
2025-03-31,32.9,0.0,67.79166666666667,3,2025
2025-04-01,32.8,0.0,69.41666666666667,4,2025
2025-04-02,32.4,0.2,69.41666666666667,4,2025
2025-04-03,30.6,1.6,70.875,4,2025
2025-04-04,30.0,0.1,69.58333333333333,4,2025
2025-04-05,32.1,0.0,67.54166666666667,4,2025
2025-04-06,30.8,1.5,72.875,4,2025
2025-04-07,31.0,24.4,81.83333333333333,4,2025
2025-04-08,32.8,1.6,80.29166666666667,4,2025
2025-04-09,32.1,14.2,86.625,4,2025
2025-04-10,29.7,16.7,86.5,4,2025
2025-04-11,31.8,6.6,84.41666666666667,4,2025
2025-04-12,33.6,1.3,80.08333333333333,4,2025
2025-04-13,32.9,2.9,79.25,4,2025
2025-04-14,32.5,1.5,75.04166666666667,4,2025
2025-04-15,32.4,0.0,71.5,4,2025
2025-04-16,33.0,0.0,72.95833333333333,4,2025
2025-04-17,32.5,0.3,75.0,4,2025
2025-04-18,30.6,4.7,81.83333333333333,4,2025
2025-04-19,30.7,3.7,82.91666666666667,4,2025
2025-04-20,29.6,9.4,83.66666666666667,4,2025
2025-04-21,29.9,7.2,82.5,4,2025
2025-04-22,29.2,14.9,87.33333333333333,4,2025
2025-04-23,28.8,28.2,86.0,4,2025
2025-04-24,29.8,5.9,82.5,4,2025
2025-04-25,30.5,7.3,85.70833333333333,4,2025
2025-04-26,30.0,16.9,87.125,4,2025
2025-04-27,30.7,1.2,82.16666666666667,4,2025
2025-04-28,30.5,0.4,79.125,4,2025
2025-04-29,30.6,5.4,82.58333333333333,4,2025
2025-04-30,31.8,1.2,80.66666666666667,4,2025
2025-05-01,29.7,27.1,90.83333333333333,5,2025
2025-05-02,31.3,7.8,84.70833333333333,5,2025
2025-05-03,31.5,8.4,86.625,5,2025
2025-05-04,31.3,5.2,87.75,5,2025
2025-05-05,30.0,14.1,89.45833333333333,5,2025
2025-05-06,28.2,17.8,90.625,5,2025
2025-05-07,29.8,16.0,90.16666666666667,5,2025
2025-05-08,31.6,7.0,87.29166666666667,5,2025
2025-05-09,32.4,0.0,76.83333333333333,5,2025
2025-05-10,32.2,0.0,76.375,5,2025
2025-05-11,33.3,0.6,74.54166666666667,5,2025
2025-05-12,32.6,0.3,75.04166666666667,5,2025
2025-05-13,32.3,0.3,75.08333333333333,5,2025
2025-05-14,33.1,0.7,80.375,5,2025
2025-05-15,31.9,14.5,85.875,5,2025
2025-05-16,30.9,12.4,89.20833333333333,5,2025
2025-05-17,30.5,9.1,87.58333333333333,5,2025
2025-05-18,31.4,2.3,84.79166666666667,5,2025
2025-05-19,32.4,5.0,85.79166666666667,5,2025
2025-05-20,31.5,6.2,85.25,5,2025
2025-05-21,31.7,11.1,86.58333333333333,5,2025
2025-05-22,31.2,1.1,80.95833333333333,5,2025
2025-05-23,31.6,1.0,78.625,5,2025
2025-05-24,31.6,0.9,77.91666666666667,5,2025
2025-05-25,31.4,0.0,75.0,5,2025
2025-05-26,32.0,0.2,75.16666666666667,5,2025
2025-05-27,30.8,0.8,77.70833333333333,5,2025
2025-05-28,31.3,0.0,76.66666666666667,5,2025
2025-05-29,32.0,0.0,75.41666666666667,5,2025
2025-05-30,32.6,0.0,76.5,5,2025
2025-05-31,30.7,2.5,84.16666666666667,5,2025
2025-06-01,31.3,0.2,78.45833333333333,6,2025
2025-06-02,32.8,0.0,75.33333333333333,6,2025
2025-06-03,32.5,0.1,73.45833333333333,6,2025
2025-06-04,31.3,1.1,74.29166666666667,6,2025
2025-06-05,31.2,1.2,75.83333333333333,6,2025
2025-06-06,31.7,0.2,75.20833333333333,6,2025
2025-06-07,31.8,1.0,75.08333333333333,6,2025
2025-06-08,32.6,0.0,73.54166666666667,6,2025
2025-06-09,32.3,0.1,71.0,6,2025
2025-06-10,32.2,0.1,72.08333333333333,6,2025
2025-06-11,31.4,0.5,75.95833333333333,6,2025
2025-06-12,32.2,2.4,75.54166666666667,6,2025
2025-06-13,31.5,44.7,84.08333333333333,6,2025
2025-06-14,27.7,6.8,88.20833333333333,6,2025
2025-06-15,30.3,0.1,79.0,6,2025
2025-06-16,31.6,0.0,72.66666666666667,6,2025
2025-06-17,31.8,0.5,74.66666666666667,6,2025
2025-06-18,32.3,0.1,74.875,6,2025
2025-06-19,31.4,1.2,75.875,6,2025
2025-06-20,31.0,0.0,75.83333333333333,6,2025
2025-06-21,30.6,1.5,78.91666666666667,6,2025
2025-06-22,30.9,2.4,80.33333333333333,6,2025
2025-06-23,31.3,3.0,77.95833333333333,6,2025
2025-06-24,31.5,9.6,83.20833333333333,6,2025
2025-06-25,30.8,0.7,79.04166666666667,6,2025
2025-06-26,32.4,0.6,74.0,6,2025
2025-06-27,31.6,0.0,72.16666666666667,6,2025
2025-06-28,30.2,1.1,76.0,6,2025
2025-06-29,31.3,0.6,77.625,6,2025
2025-06-30,31.2,1.6,77.25,6,2025
2025-07-01,31.4,0.5,72.41666666666667,7,2025
2025-07-02,32.9,0.0,71.58333333333333,7,2025
2025-07-03,31.9,0.6,76.75,7,2025
2025-07-04,32.6,3.9,81.33333333333333,7,2025
2025-07-05,32.5,4.5,80.25,7,2025
2025-07-06,31.8,1.0,75.83333333333333,7,2025
2025-07-07,32.5,0.0,71.83333333333333,7,2025
2025-07-08,31.9,0.3,72.54166666666667,7,2025
2025-07-09,31.2,0.4,75.875,7,2025
2025-07-10,31.4,1.7,75.70833333333333,7,2025
2025-07-11,32.5,0.5,74.25,7,2025
2025-07-12,31.7,0.7,74.79166666666667,7,2025
2025-07-13,32.7,0.3,74.375,7,2025
2025-07-14,32.7,0.0,71.5,7,2025
2025-07-15,32.9,0.2,72.79166666666667,7,2025
2025-07-16,33.1,0.0,70.875,7,2025
2025-07-17,33.2,0.2,70.66666666666667,7,2025
2025-07-18,33.9,0.0,66.70833333333333,7,2025
2025-07-19,32.9,0.6,69.83333333333333,7,2025
2025-07-20,33.9,0.0,68.70833333333333,7,2025
2025-07-21,33.3,0.2,68.29166666666667,7,2025
2025-07-22,34.3,0.0,67.41666666666667,7,2025
2025-07-23,33.6,0.8,72.375,7,2025
2025-07-24,33.3,3.9,75.66666666666667,7,2025
2025-07-25,32.9,0.2,70.70833333333333,7,2025
2025-07-26,33.0,0.8,68.66666666666667,7,2025
2025-07-27,33.3,0.6,70.20833333333333,7,2025
2025-07-28,35.5,0.2,70.16666666666667,7,2025
2025-07-29,34.2,0.2,71.375,7,2025
2025-07-30,34.7,0.0,70.125,7,2025
2025-07-31,33.1,1.8,70.25,7,2025
2025-08-01,33.7,0.6,71.0,8,2025
2025-08-02,34.4,0.0,67.79166666666667,8,2025
2025-08-03,34.5,0.2,68.04166666666667,8,2025
2025-08-04,34.7,0.0,65.04166666666667,8,2025
2025-08-05,33.8,1.7,70.375,8,2025
2025-08-06,34.2,0.0,66.75,8,2025
2025-08-07,34.1,0.5,63.833333333333336,8,2025
2025-08-08,31.6,2.8,74.29166666666667,8,2025
2025-08-09,33.6,4.6,73.41666666666667,8,2025
2025-08-10,31.7,17.7,82.375,8,2025
2025-08-11,33.0,6.3,76.70833333333333,8,2025
2025-08-12,32.9,0.0,74.375,8,2025
2025-08-13,32.7,0.0,71.08333333333333,8,2025
2025-08-14,32.5,0.2,69.875,8,2025
2025-08-15,32.9,6.9,82.125,8,2025
2025-08-16,31.9,8.9,85.54166666666667,8,2025
2025-08-17,32.2,1.0,82.20833333333333,8,2025
2025-08-18,32.1,7.5,84.95833333333333,8,2025
2025-08-19,33.7,0.7,79.5,8,2025
2025-08-20,33.6,0.5,75.375,8,2025
2025-08-21,33.5,0.0,72.58333333333333,8,2025
2025-08-22,32.7,3.6,73.95833333333333,8,2025
2025-08-23,32.0,26.0,86.5,8,2025
2025-08-24,34.0,0.0,73.70833333333333,8,2025
2025-08-25,32.2,0.9,74.16666666666667,8,2025
2025-08-26,34.1,0.4,75.04166666666667,8,2025
2025-08-27,33.7,0.1,73.91666666666667,8,2025
2025-08-28,35.5,0.1,70.25,8,2025
2025-08-29,34.6,0.0,67.83333333333333,8,2025
2025-08-30,33.5,0.0,73.45833333333333,8,2025
2025-08-31,32.1,1.8,75.58333333333333,8,2025
2025-09-01,33.7,0.0,74.41666666666667,9,2025
2025-09-02,34.4,0.0,74.70833333333333,9,2025
2025-09-03,33.8,0.1,76.41666666666667,9,2025
2025-09-04,33.1,0.2,75.25,9,2025
2025-09-05,32.6,1.4,76.75,9,2025
2025-09-06,32.8,1.8,79.04166666666667,9,2025
2025-09-07,33.0,1.8,78.79166666666667,9,2025
2025-09-08,30.5,19.0,87.5,9,2025
2025-09-09,33.7,0.0,76.45833333333333,9,2025
2025-09-10,33.9,0.0,74.25,9,2025
2025-09-11,34.2,0.1,72.625,9,2025
2025-09-12,33.8,6.3,84.33333333333333,9,2025
2025-09-13,32.0,6.7,85.0,9,2025
2025-09-14,33.6,11.7,84.16666666666667,9,2025
2025-09-15,33.2,0.0,77.375,9,2025
2025-09-16,32.9,1.2,79.625,9,2025
2025-09-17,32.6,13.9,83.41666666666667,9,2025
2025-09-18,31.3,6.9,87.95833333333333,9,2025
2025-09-19,30.4,4.6,85.41666666666667,9,2025
2025-09-20,31.7,0.2,81.33333333333333,9,2025
2025-09-21,31.9,5.0,84.41666666666667,9,2025
2025-09-22,32.8,2.0,77.875,9,2025
2025-09-23,32.3,0.1,73.41666666666667,9,2025
2025-09-24,32.8,9.4,81.79166666666667,9,2025
2025-09-25,32.6,1.0,83.125,9,2025
2025-09-26,33.4,3.0,79.75,9,2025
2025-09-27,32.0,3.8,81.45833333333333,9,2025
2025-09-28,30.6,14.9,88.29166666666667,9,2025
2025-09-29,32.5,7.0,86.66666666666667,9,2025
2025-09-30,32.2,10.3,85.54166666666667,9,2025
2025-10-01,30.1,1.4,88.08333333333333,10,2025
2025-10-02,31.2,3.0,80.45833333333333,10,2025
2025-10-03,31.6,15.3,87.08333333333333,10,2025
2025-10-04,30.8,10.1,89.125,10,2025
2025-10-05,31.8,0.6,81.83333333333333,10,2025
2025-10-06,31.9,4.7,84.875,10,2025
2025-10-07,31.3,3.9,85.45833333333333,10,2025
2025-10-08,32.3,1.1,84.16666666666667,10,2025
2025-10-09,31.4,14.5,86.45833333333333,10,2025
2025-10-10,29.9,5.5,87.95833333333333,10,2025
2025-10-11,29.6,18.1,88.41666666666667,10,2025
2025-10-12,30.6,13.5,86.70833333333333,10,2025
2025-10-13,29.1,7.0,89.91666666666667,10,2025
2025-10-14,32.2,0.1,81.5,10,2025
2025-10-15,30.9,2.3,83.41666666666667,10,2025
2025-10-16,29.8,0.7,86.58333333333333,10,2025
2025-10-17,30.0,8.3,91.25,10,2025
2025-10-18,30.2,0.8,84.875,10,2025
2025-10-19,31.3,1.2,77.70833333333333,10,2025
2025-10-20,31.6,9.3,81.125,10,2025
2025-10-21,31.6,0.2,82.66666666666667,10,2025
2025-10-22,30.0,3.7,80.20833333333333,10,2025
2025-10-23,31.2,2.4,79.66666666666667,10,2025
2025-10-24,31.7,6.3,80.0,10,2025
2025-10-25,30.1,12.1,87.54166666666667,10,2025
2025-10-26,31.3,29.4,90.0,10,2025
2025-10-27,29.7,0.9,88.45833333333333,10,2025
2025-10-28,30.3,1.9,83.75,10,2025
2025-10-29,30.2,2.9,86.5,10,2025
2025-10-30,28.7,13.0,90.75,10,2025
2025-10-31,32.0,0.3,83.45833333333333,10,2025
2025-11-01,31.8,0.2,79.41666666666667,11,2025
2025-11-02,32.1,0.8,79.04166666666667,11,2025
2025-11-03,31.3,0.1,75.45833333333333,11,2025
2025-11-04,30.1,0.5,78.375,11,2025
2025-11-05,30.4,0.7,78.83333333333333,11,2025
2025-11-06,31.1,1.4,79.75,11,2025
2025-11-07,31.7,0.1,77.41666666666667,11,2025
2025-11-08,31.4,0.5,76.75,11,2025
2025-11-09,31.9,0.1,76.79166666666667,11,2025
2025-11-10,31.5,0.0,77.45833333333333,11,2025
2025-11-11,30.9,2.0,77.41666666666667,11,2025
2025-11-12,30.4,1.6,79.875,11,2025
2025-11-13,30.4,1.9,76.79166666666667,11,2025
2025-11-14,31.1,0.3,76.95833333333333,11,2025
2025-11-15,30.6,1.6,85.29166666666667,11,2025
2025-11-16,30.2,1.9,82.20833333333333,11,2025
2025-11-17,31.4,1.2,80.54166666666667,11,2025
2025-11-18,31.0,6.7,83.45833333333333,11,2025
2025-11-19,31.3,4.4,79.45833333333333,11,2025
2025-11-20,31.1,0.8,77.41666666666667,11,2025
2025-11-21,30.8,0.4,76.29166666666667,11,2025
2025-11-22,31.3,0.2,76.0,11,2025
2025-11-23,30.0,0.8,77.875,11,2025
2025-11-24,29.2,2.6,80.70833333333333,11,2025
2025-11-25,29.6,6.6,82.375,11,2025
2025-11-26,29.2,3.2,82.45833333333333,11,2025
2025-11-27,30.9,0.0,72.25,11,2025
2025-11-28,30.5,0.1,72.75,11,2025
2025-11-29,29.3,17.3,87.16666666666667,11,2025
2025-11-30,29.2,10.5,80.33333333333333,11,2025
2025-12-01,28.8,7.7,84.95833333333333,12,2025
2025-12-02,29.6,2.9,81.625,12,2025
2025-12-03,29.8,0.2,77.04166666666667,12,2025
2025-12-04,30.4,0.0,76.375,12,2025
2025-12-05,30.6,0.3,77.29166666666667,12,2025
2025-12-06,29.7,0.8,77.5,12,2025
2025-12-07,30.9,0.0,74.04166666666667,12,2025
2025-12-08,31.6,0.8,77.70833333333333,12,2025
2025-12-09,31.0,0.2,75.83333333333333,12,2025
2025-12-10,30.2,0.0,75.58333333333333,12,2025
2025-12-11,30.9,0.0,74.83333333333333,12,2025
2025-12-12,30.9,2.8,74.5,12,2025
2025-12-13,29.6,0.0,72.83333333333333,12,2025
2025-12-14,31.2,0.0,73.79166666666667,12,2025
2025-12-15,30.3,1.3,80.16666666666667,12,2025
2025-12-16,30.1,0.0,72.66666666666667,12,2025
2025-12-17,30.0,0.7,76.91666666666667,12,2025
2025-12-18,30.9,0.0,74.625,12,2025
2025-12-19,30.0,0.0,73.375,12,2025
2025-12-20,29.1,0.6,73.25,12,2025
2025-12-21,29.7,1.2,74.125,12,2025
2025-12-22,29.7,1.1,76.79166666666667,12,2025
2025-12-23,29.9,1.7,73.66666666666667,12,2025
2025-12-24,29.8,0.1,74.58333333333333,12,2025
2025-12-25,29.4,0.3,74.5,12,2025
2025-12-26,29.5,0.5,75.91666666666667,12,2025
2025-12-27,30.0,0.1,73.41666666666667,12,2025
2025-12-28,30.3,0.2,73.91666666666667,12,2025
2025-12-29,30.1,0.8,77.25,12,2025
2025-12-30,31.4,1.4,76.70833333333333,12,2025
2025-12-31,33.9,1.7,76.29166666666667,12,2025
2026-01-01,32.9,15.8,78.625,1,2026
2026-01-02,31.0,11.4,85.66666666666667,1,2026
2026-01-03,30.9,6.1,86.33333333333333,1,2026
2026-01-04,31.7,3.8,83.91666666666667,1,2026
2026-01-05,30.3,1.5,84.5,1,2026
2026-01-06,30.0,5.6,80.0,1,2026
2026-01-07,29.7,0.0,76.33333333333333,1,2026
2026-01-08,29.9,0.7,75.58333333333333,1,2026
2026-01-09,29.5,2.8,74.5,1,2026
2026-01-10,29.6,0.3,72.70833333333333,1,2026
2026-01-11,29.3,2.4,79.83333333333333,1,2026
2026-01-12,29.2,2.3,80.625,1,2026
2026-01-13,29.4,0.5,75.16666666666667,1,2026
2026-01-14,30.0,1.3,76.41666666666667,1,2026
2026-01-15,32.0,0.1,76.45833333333333,1,2026
2026-01-16,31.2,0.8,78.83333333333333,1,2026
2026-01-17,30.1,0.4,73.79166666666667,1,2026
2026-01-18,31.5,0.0,71.875,1,2026
2026-01-19,29.9,0.0,73.83333333333333,1,2026
2026-01-20,29.8,0.1,73.875,1,2026
2026-01-21,29.8,1.3,74.08333333333333,1,2026
2026-01-22,29.8,0.7,76.25,1,2026
2026-01-23,30.4,0.5,75.45833333333333,1,2026
2026-01-24,30.9,2.0,75.45833333333333,1,2026
2026-01-25,30.5,1.5,77.75,1,2026
2026-01-26,29.9,2.7,80.25,1,2026
2026-01-27,29.8,2.2,79.83333333333333,1,2026
2026-01-28,29.9,0.0,70.125,1,2026
2026-01-29,31.0,0.2,73.25,1,2026
2026-01-30,30.9,0.9,73.08333333333333,1,2026
2026-01-31,32.8,10.6,83.5,1,2026
2026-02-01,30.4,14.1,89.0,2,2026
2026-02-02,25.8,6.6,91.25,2,2026
2026-02-03,30.1,3.1,77.16666666666667,2,2026
2026-02-04,30.5,0.5,74.95833333333333,2,2026
2026-02-05,32.7,0.3,74.33333333333333,2,2026
2026-02-06,31.3,0.6,80.08333333333333,2,2026
2026-02-07,30.4,9.8,87.33333333333333,2,2026
2026-02-08,30.6,1.1,78.75,2,2026
2026-02-09,30.2,0.2,74.875,2,2026
2026-02-10,30.0,2.2,75.5,2,2026
2026-02-11,30.6,0.6,73.08333333333333,2,2026
2026-02-12,31.4,0.2,73.66666666666667,2,2026
2026-02-13,31.8,0.7,74.75,2,2026
2026-02-14,30.4,3.0,79.33333333333333,2,2026
2026-02-15,29.4,8.0,80.125,2,2026
2026-02-16,31.2,2.1,75.875,2,2026
2026-02-17,30.9,1.5,71.625,2,2026
2026-02-18,30.6,1.3,73.25,2,2026
2026-02-19,31.2,1.7,71.5,2,2026
2026-02-20,32.1,0.0,70.66666666666667,2,2026
2026-02-21,31.7,0.2,71.625,2,2026
2026-02-22,31.8,1.1,71.91666666666667,2,2026
2026-02-23,31.3,1.1,75.83333333333333,2,2026
2026-02-24,27.9,9.1,79.0,2,2026
2026-02-25,31.2,0.4,71.29166666666667,2,2026
2026-02-26,31.1,0.0,70.91666666666667,2,2026
2026-02-27,33.0,0.0,70.16666666666667,2,2026
2026-02-28,33.0,0.0,68.29166666666667,2,2026
2026-03-01,32.5,0.0,68.83333333333333,3,2026
2026-03-02,31.4,0.1,69.54166666666667,3,2026
2026-03-03,32.0,0.0,68.5,3,2026
2026-03-04,31.9,0.0,67.625,3,2026
2026-03-05,32.6,0.0,66.41666666666667,3,2026
2026-03-06,31.3,0.5,69.20833333333333,3,2026
2026-03-07,30.3,0.0,67.75,3,2026
2026-03-08,31.9,0.0,67.29166666666667,3,2026
2026-03-09,32.2,0.0,67.25,3,2026
2026-03-10,32.2,0.0,65.08333333333333,3,2026
2026-03-11,32.5,0.0,63.166666666666664,3,2026
2026-03-12,32.2,1.7,66.66666666666667,3,2026
2026-03-13,32.4,0.3,67.0,3,2026
2026-03-14,32.2,0.3,68.33333333333333,3,2026
2026-03-15,32.2,0.0,64.20833333333333,3,2026
2026-03-16,34.3,0.4,66.66666666666667,3,2026
2026-03-17,33.2,3.5,66.5,3,2026
2026-03-18,33.1,1.9,73.0,3,2026
2026-03-19,32.4,0.2,74.66666666666667,3,2026
2026-03-20,33.5,0.8,70.125,3,2026
2026-03-21,30.6,2.7,76.875,3,2026
2026-03-22,30.8,8.4,78.58333333333333,3,2026
2026-03-23,32.3,1.0,69.875,3,2026
2026-03-24,33.5,1.8,65.875,3,2026
2026-03-25,33.5,0.0,65.29166666666667,3,2026
2026-03-26,31.8,0.3,69.25,3,2026
2026-03-27,33.3,0.0,64.16666666666667,3,2026
2026-03-28,31.8,2.0,66.125,3,2026
2026-03-29,32.2,0.8,67.45833333333333,3,2026
2026-03-30,32.6,1.4,67.29166666666667,3,2026
2026-03-31,32.4,2.9,66.91666666666667,3,2026
2026-04-01,32.8,0.3,62.708333333333336,4,2026
2026-04-02,33.1,1.9,66.70833333333333,4,2026
2026-04-03,34.4,0.4,62.416666666666664,4,2026
2026-04-04,34.9,0.0,62.333333333333336,4,2026
2026-04-05,36.1,2.1,65.29166666666667,4,2026
2026-04-06,34.4,8.0,75.0,4,2026
2026-04-07,33.5,9.1,74.70833333333333,4,2026
2026-04-08,34.3,13.3,77.58333333333333,4,2026
2026-04-09,34.0,0.8,74.16666666666667,4,2026
2026-04-10,34.4,0.3,69.45833333333333,4,2026
2026-04-11,34.2,0.1,68.625,4,2026
2026-04-12,33.7,0.2,70.08333333333333,4,2026
2026-04-13,31.6,3.7,73.375,4,2026
2026-04-14,32.1,0.1,65.875,4,2026
2026-04-15,33.9,0.9,71.08333333333333,4,2026
2026-04-16,31.7,3.8,77.79166666666667,4,2026
2026-04-17,33.9,5.0,73.375,4,2026
2026-04-18,33.7,6.6,80.70833333333333,4,2026
2026-04-19,33.3,13.2,81.70833333333333,4,2026
2026-04-20,33.4,22.7,72.29166666666667,4,2026
2026-04-21,32.7,1.1,72.70833333333333,4,2026
2026-04-22,32.5,3.2,75.54166666666667,4,2026
2026-04-23,32.6,0.2,75.625,4,2026
2026-04-24,31.2,20.1,85.58333333333333,4,2026
2026-04-25,30.8,3.9,82.04166666666667,4,2026
2026-04-26,32.2,5.2,80.66666666666667,4,2026
2026-04-27,33.0,0.4,79.45833333333333,4,2026
2026-04-28,30.6,18.7,84.75,4,2026
2026-04-29,31.3,1.9,78.25,4,2026
2026-04-30,30.9,0.2,78.125,4,2026
2026-05-01,33.5,0.0,73.41666666666667,5,2026
2026-05-02,31.7,3.9,78.625,5,2026
2026-05-03,31.4,4.7,78.625,5,2026
2026-05-04,32.7,0.7,73.79166666666667,5,2026
2026-05-05,34.6,0.4,73.41666666666667,5,2026
2026-05-06,34.7,0.0,69.54166666666667,5,2026
2026-05-07,33.9,0.0,71.08333333333333,5,2026
2026-05-08,33.7,0.1,69.54166666666667,5,2026
2026-05-09,32.7,0.4,69.375,5,2026
2026-05-10,32.6,0.0,70.375,5,2026
2026-05-11,33.8,0.0,69.375,5,2026
2026-05-12,34.8,4.4,74.20833333333333,5,2026
2026-05-13,34.2,3.1,74.625,5,2026
2026-05-14,35.0,2.9,71.58333333333333,5,2026
2026-05-15,35.8,0.0,67.16666666666667,5,2026
2026-05-16,34.7,0.6,68.33333333333333,5,2026
2026-05-17,32.7,3.5,73.08333333333333,5,2026
2026-05-18,34.5,0.0,64.58333333333333,5,2026
2026-05-19,34.9,0.0,65.08333333333333,5,2026
2026-05-20,36.1,0.0,65.5,5,2026
2026-05-21,33.4,0.7,68.625,5,2026
2026-05-22,33.2,1.2,73.41666666666667,5,2026
2026-05-23,33.9,0.6,71.95833333333333,5,2026
2026-05-24,32.9,1.1,72.79166666666667,5,2026
2026-05-25,34.2,0.5,70.5,5,2026
2026-05-26,34.0,0.1,69.125,5,2026
2026-05-27,32.7,4.4,75.29166666666667,5,2026
2026-05-28,35.6,0.0,67.45833333333333,5,2026
2026-05-29,35.2,0.7,66.54166666666667,5,2026
2026-05-30,35.3,1.6,68.625,5,2026
2026-05-31,37.0,0.1,64.45833333333333,5,2026
2026-06-01,36.3,0.0,65.25,6,2026
2026-06-02,35.2,0.5,66.83333333333333,6,2026
2026-06-03,33.2,6.3,77.45833333333333,6,2026
2026-06-04,32.6,16.9,87.5,6,2026
2026-06-05,33.1,13.4,89.08333333333333,6,2026
2026-06-06,31.9,13.0,88.66666666666667,6,2026
2026-06-07,31.4,13.3,85.41666666666667,6,2026
2026-06-08,27.0,15.8,94.16666666666667,6,2026
2026-06-09,32.0,3.5,82.875,6,2026
2026-06-10,32.4,0.0,74.29166666666667,6,2026
2026-06-11,32.9,0.0,73.04166666666667,6,2026
2026-06-12,34.4,0.0,72.45833333333333,6,2026
2026-06-13,34.3,0.0,70.5,6,2026
2026-06-14,31.9,0.0,72.54166666666667,6,2026
2026-06-15,33.4,0.0,71.33333333333333,6,2026
2026-06-16,32.8,0.0,71.45833333333333,6,2026
2026-06-17,33.1,2.3,73.125,6,2026
2026-06-18,33.1,1.7,75.125,6,2026
2026-06-19,32.0,1.7,76.41666666666667,6,2026
2026-06-20,32.2,1.1,73.58333333333333,6,2026
2026-06-21,33.2,0.1,71.08333333333333,6,2026
2026-06-22,32.4,1.7,72.58333333333333,6,2026
2026-06-23,32.1,0.2,69.95833333333333,6,2026
2026-06-24,32.7,0.0,68.04166666666667,6,2026
2026-06-25,33.5,0.5,70.29166666666667,6,2026
2026-06-26,32.7,0.2,67.66666666666667,6,2026
2026-06-27,32.5,0.0,69.33333333333333,6,2026
2026-06-28,34.6,0.0,69.33333333333333,6,2026
2026-06-29,35.2,0.0,67.91666666666667,6,2026
2026-06-30,35.3,0.0,66.25,6,2026
2026-07-01,34.9,0.0,67.125,7,2026
2026-07-02,35.0,0.1,67.16666666666667,7,2026
2026-07-03,32.3,0.4,70.79166666666667,7,2026
2026-07-04,32.6,1.4,76.08333333333333,7,2026
2026-07-05,32.8,0.4,71.04166666666667,7,2026
2026-07-06,34.9,0.0,68.45833333333333,7,2026
2026-07-07,34.6,0.1,71.125,7,2026
2026-07-08,34.3,0.6,69.33333333333333,7,2026
